Time,Action
00:00:10.6620075,"CardIn"
00:00:18.7329919,"Password,Confirm"
00:00:20.0323431,"Task Panel Show"
00:00:27.0772079,"Keyboard,6"
00:00:27.9209675,"Keyboard,7"
00:00:28.3454456,"Keyboard,5"
00:00:28.6822767,"Keyboard,4"
00:00:29.7303125,"Keyboard,Confirm"
00:00:50.0390543,"Task Panel Hide"
00:00:00,"EMPTY Total Time"
