Time,Action
00:00:09.2813600,"CardIn"
00:00:09.4516592,"CardIn"
00:00:14.5180509,"Keyboard,1"
00:00:15.2358991,"Keyboard,2"
00:00:15.5423229,"Keyboard,3"
00:00:15.9859125,"Keyboard,Confirm"
00:00:19.7929986,"ChooseTask,Draw"
00:00:22.1683032,"Task Panel Show"
00:00:26.3704781,"Keyboard,5"
00:00:26.7632113,"Keyboard,00"
00:00:27.1044864,"Keyboard,0"
00:00:27.7711001,"Keyboard,Confirm"
00:00:30.8246454,"Keyboard,Confirm"
00:00:00,"EMPTY Total Time"
