Time,Action
00:00:11.9135917,"CardIn"
00:00:19.6031991,"Keyboard,1"
00:00:20.0111418,"Keyboard,2"
00:00:20.4000967,"Keyboard,3"
00:00:21.4019877,"Password,Confirm"
00:00:23.9285098,"ChooseTask,Draw"
00:00:24.6419468,"Task Panel Show"
00:00:27.6803313,"DrawFirst,500"
00:00:29.0250475,"DrawFirst,Confirm"
00:00:33.0093997,"Take Money"
00:00:36.7923930,"DrawThird,Return"
00:00:37.7412665,"ChooseTask,BtnExit"
00:00:37.7432610,"Task Finished"
00:00:37.7442584,"EMPTY Total Time"
