Time,Action
00:00:09.7108812,"CardIn"
00:00:09.8809796,"CardIn"
00:00:14.9258724,"Keyboard,1"
00:00:15.5744904,"Keyboard,2"
00:00:15.9507563,"Keyboard,3"
00:00:16.7214577,"Password,Confirm"
00:00:18.2435345,"ChooseTask,Draw"
00:00:00,"EMPTY Total Time"
