Time,Action
00:00:09.3618673,"CardIn"
00:00:09.5443765,"CardIn"
00:00:09.7807465,"CardIn"
00:00:00,"EMPTY Total Time"
