Time,Action
00:00:12.8251294,"CardIn"
00:00:21.8811832,"Task Panel Show"
00:00:24.3978971,"Keyboard,1"
00:00:24.7569903,"Keyboard,5"
00:00:25.1507643,"Keyboard,3"
00:00:25.5768256,"Keyboard,2"
00:00:25.9701604,"Keyboard,5"
00:00:26.2264305,"Keyboard,6"
00:00:26.8950866,"Password,Confirm"
00:00:35.9138913,"Task Panel Hide"
00:00:00,"EMPTY Total Time"
