Time,Action
00:01:19.8006897,"CardIn"
00:02:36.1767221,"Task Panel Show"
00:02:39.0675737,"Keyboard,1"
00:02:39.4264116,"Keyboard,5"
00:02:39.7852592,"Keyboard,3"
00:02:40.1636067,"Keyboard,2"
00:02:40.4875183,"Keyboard,5"
00:02:40.7439340,"Keyboard,6"
00:02:41.3621599,"Password,Confirm"
00:00:00,"EMPTY Total Time"
