Time,Action
00:00:14.2887898,"CardIn"
00:00:21.2767862,"Task Panel Show"
00:00:24.0870773,"Keyboard,3"
00:00:25.0194501,"Keyboard,4"
00:00:25.6138176,"Keyboard,5"
00:00:26.8071587,"Keyboard,4"
00:00:27.3801336,"Keyboard,3"
00:00:27.5317791,"Keyboard,3"
00:00:28.2119831,"Password,Confirm"
00:00:00,"EMPTY Total Time"
